{
  "project_info": {
    "project_number": "896258446952",
    "firebase_url": "https://app-genda.firebaseio.com",
    "project_id": "app-genda",
    "storage_bucket": "app-genda.appspot.com"
  },
  "client": [
    {
      "client_info": {
        "mobilesdk_app_id": "1:896258446952:android:75e074f7c985f844",
        "android_client_info": {
          "package_name": "com.example.adrian.appgenda4"
        }
      },
      "oauth_client": [
        {
          "client_id": "896258446952-428q2duls2csv1e30632c627dfha274l.apps.googleusercontent.com",
          "client_type": 3
        }
      ],
      "api_key": [
        {
          "current_key": "AIzaSyBMI7m--_P2ndX6C94hMCjRwiYDqJ77fRM"
        }
      ],
      "services": {
        "analytics_service": {
          "status": 1
        },
        "appinvite_service": {
          "status": 1,
          "other_platform_oauth_client": []
        },
        "ads_service": {
          "status": 2
        }
      }
    }
  ],
  "configuration_version": "1"
}